kata,label_heuristik,label_final,stemming
abadi,whitelist,whitelist,abadi
abai,whitelist,whitelist,aba
absolut,lain,lain,
abstrak,lain,lain,
acak,lain,lain,
acara,lain,lain,
acau,lain,lain,
ada,lain,lain,
adab,lain,lain,
adaptasi,whitelist,whitelist,adaptas
adegan,whitelist,whitelist,adeg
adiktif,lain,lain,
adil,lain,lain,
adrenalin,lain,lain,
adu,lain,lain,
agam,lain,lain,
agresi,whitelist,whitelist,agres
agresif,lain,lain,
agung,lain,lain,
ahli,whitelist,whitelist,ahl
ajaib,lain,lain,
ajar,lain,lain,
aju,lain,lain,
akal,lain,lain,
akar,lain,lain,
akibat,lain,lain,
akrab,lain,lain,
akses,lain,lain,
aksi,whitelist,whitelist,aks
aktif,lain,lain,
akting,asing,asing,
aktor,lain,lain,
aku,lain,lain,
akun,whitelist,whitelist,akun
akurat,lain,lain,
alam,lain,lain,
alami,whitelist,whitelist,alam
alas,lain,lain,
alat,whitelist,whitelist,alat
alfa,lain,lain,
algoritma,lain,lain,
alih,lain,lain,
alir,lain,lain,
aman,lain,lain,
ambien,whitelist,whitelist,ambien
ambil,lain,lain,
amerika,lain,lain,
ampun,lain,lain,
amuk,lain,lain,
anak,lain,lain,
analitik,lain,lain,
ancam,lain,lain,
ancang,lain,lain,
ancient,lain,lain,
ancients,lain,lain,
andal,lain,lain,
aneh,lain,lain,
anggap,lain,lain,
anggar,lain,lain,
anggota,lain,lain,
animasi,whitelist,whitelist,animas
anime,lain,lain,
anjing,asing,asing,
anonim,lain,lain,
antarmuka,lain,lain,
antek,lain,lain,
anti,whitelist,whitelist,ant
antri,whitelist,whitelist,antr
apa,lain,lain,
aplikasi,whitelist,whitelist,aplikas
arah,lain,lain,
arcade,whitelist,whitelist,arcade
arcana,whitelist,whitelist,arcana
archon,whitelist,whitelist,archon
area,lain,lain,
arena,whitelist,whitelist,arena
arloji,whitelist,whitelist,arloj
arti,whitelist,whitelist,art
arus,lain,lain,
asa,lain,lain,
asai,whitelist,whitelist,asa
asal,lain,lain,
asia,lain,lain,
asing,asing,asing,
asli,whitelist,whitelist,asl
aspek,lain,lain,
assassin,lain,lain,
atas,lain,lain,
atribut,lain,lain,
atur,lain,lain,
audiens,lain,lain,
audio,lain,lain,
autisme,lain,lain,
awas,lain,lain,
ayah,lain,lain,
ayun,lain,lain,
baca,lain,lain,
badai,whitelist,whitelist,bada
badut,lain,lain,
bagi,whitelist,whitelist,bag
bagus,lain,lain,
bahagia,lain,lain,
bahan,whitelist,whitelist,bah
bahas,lain,lain,
bahasa,lain,lain,
bahaya,lain,lain,
bahu,lain,lain,
baik,lain,lain,
bajak,lain,lain,
bajing,asing,asing,
bakar,lain,lain,
bakat,lain,lain,
balance,lain,lain,
balas,lain,lain,
balik,lain,lain,
banding,asing,asing,
bangkit,lain,lain,
bangkrut,lain,lain,
bangsal,lain,lain,
bangun,lain,lain,
banjir,whitelist,whitelist,banjir
bantal,lain,lain,
bantu,lain,lain,
banyak,lain,lain,
barang,lain,lain,
barat,lain,lain,
baru,lain,lain,
bas,lain,lain,
basis,lain,lain,
batal,lain,lain,
batang,lain,lain,
batas,lain,lain,
batin,lain,lain,
battle,lain,lain,
bawa,lain,lain,
bayang,lain,lain,
bayar,lain,lain,
bdsm,lain,lain,
beban,whitelist,whitelist,beb
bebas,lain,lain,
beda,lain,lain,
beku,lain,lain,
bel,lain,lain,
bela,lain,lain,
belakang,lain,lain,
belas,lain,lain,
belati,whitelist,whitelist,belat
beli,whitelist,whitelist,bel
beluk,lain,lain,
benar,lain,lain,
bencana,lain,lain,
benci,whitelist,whitelist,benc
bengkok,lain,lain,
benteng,lain,lain,
bentuk,lain,lain,
berani,whitelist,whitelist,ani
beranta,whitelist,whitelist,anta
berat,imbuhan,imbuhan,
beri,whitelist,whitelist,ber
berkah,whitelist,whitelist,kah
berkat,whitelist,whitelist,kat
bersih,whitelist,whitelist,sih
besar,lain,lain,
besok,lain,lain,
beta,lain,lain,
betapa,lain,lain,
biar,lain,lain,
biasa,lain,lain,
biaya,lain,lain,
bicara,lain,lain,
bidang,lain,lain,
bijak,lain,lain,
bijaksana,lain,lain,
binatang,lain,lain,
bingung,lain,lain,
bintang,lain,lain,
bisnis,lain,lain,
bisu,lain,lain,
blade,lain,lain,
blink,lain,lain,
blizzard,lain,lain,
bllyat,lain,lain,
blokir,lain,lain,
bobo,lain,lain,
bodoh,lain,lain,
bohong,lain,lain,
bola,lain,lain,
bolak,lain,lain,
bongkar,lain,lain,
boost,lain,lain,
booster,lain,lain,
boot,lain,lain,
bosan,whitelist,whitelist,bos
brain,lain,lain,
braket,lain,lain,
brewmaster,lain,lain,
brilian,whitelist,whitelist,brili
brutal,lain,lain,
buang,lain,lain,
buas,lain,lain,
buat,lain,lain,
budak,lain,lain,
budaya,lain,lain,
buff,lain,lain,
bugs,lain,lain,
build,lain,lain,
buka,lain,lain,
bukti,whitelist,whitelist,bukt
buku,lain,lain,
bulan,whitelist,whitelist,bul
bumi,whitelist,whitelist,bum
bungkus,lain,lain,
buntu,lain,lain,
bunuh,lain,lain,
buru,lain,lain,
buruk,lain,lain,
busuk,lain,lain,
busur,lain,lain,
buta,lain,lain,
butuh,lain,lain,
cacat,lain,lain,
cacing,asing,asing,
cadang,lain,lain,
call,lain,lain,
campur,lain,lain,
cancer,lain,lain,
canda,lain,lain,
candu,lain,lain,
canggih,lain,lain,
cangkir,lain,lain,
cantik,lain,lain,
capai,whitelist,whitelist,capa
cari,whitelist,whitelist,car
casting,asing,asing,
catat,lain,lain,
catur,lain,lain,
cegah,lain,lain,
celup,lain,lain,
cemas,lain,lain,
cemerlang,lain,lain,
cenderung,lain,lain,
cepat,lain,lain,
cerah,lain,lain,
cerai,whitelist,whitelist,cera
cerca,lain,lain,
cerdas,lain,lain,
cerita,lain,lain,
cermat,lain,lain,
cermin,lain,lain,
cheat,lain,lain,
cina,lain,lain,
cinta,lain,lain,
cipta,lain,lain,
cium,lain,lain,
coba,lain,lain,
cocok,lain,lain,
colok,lain,lain,
cons,lain,lain,
contoh,lain,lain,
core,lain,lain,
corporation,asing,asing,
crash,lain,lain,
creep,whitelist,whitelist,creep
culik,lain,lain,
cundang,lain,lain,
curam,lain,lain,
curang,lain,lain,
curi,whitelist,whitelist,cur
curiga,lain,lain,
dada,lain,lain,
dadu,lain,lain,
daerah,lain,lain,
daftar,lain,lain,
dagang,lain,lain,
dahulu,lain,lain,
daki,whitelist,whitelist,dak
dalam,lain,lain,
damai,whitelist,whitelist,dama
damba,lain,lain,
dampak,lain,lain,
damping,asing,asing,
dana,lain,lain,
dapat,lain,lain,
darah,lain,lain,
darat,lain,lain,
dari,whitelist,whitelist,dar
dasar,lain,lain,
data,lain,lain,
datang,lain,lain,
daya,lain,lain,
dead,lain,lain,
deadlock,lain,lain,
debar,lain,lain,
debat,lain,lain,
debu,lain,lain,
dedikasi,whitelist,whitelist,dedikas
default,lain,lain,
defense,lain,lain,
definisi,whitelist,whitelist,definis
dekade,lain,lain,
dekat,lain,lain,
dendam,lain,lain,
dengan,whitelist,whitelist,deng
dengar,lain,lain,
derita,lain,lain,
desain,lain,lain,
desak,lain,lain,
deskripsi,whitelist,whitelist,deskrips
detail,lain,lain,
deteksi,whitelist,whitelist,deteks
detik,lain,lain,
devs,lain,lain,
dewa,lain,lain,
dewasa,lain,lain,
diam,imbuhan,imbuhan,
diberitahu,whitelist,whitelist,beritahu
didik,whitelist,whitelist,dik
digital,whitelist,whitelist,gital
diinstal,whitelist,whitelist,instal
dinamika,whitelist,whitelist,namika
dinamis,whitelist,whitelist,namis
dinding,whitelist,whitelist,nding
dingin,whitelist,whitelist,ngin
dire,imbuhan,imbuhan,
diri,whitelist,whitelist,dir
disk,imbuhan,imbuhan,
divine,whitelist,whitelist,vine
dokter,lain,lain,
dolar,lain,lain,
dominasi,whitelist,whitelist,dominas
dompet,lain,lain,
dont,lain,lain,
dopamin,lain,lain,
dorong,lain,lain,
dota,whitelist,whitelist,dota
down,lain,lain,
draf,lain,lain,
drama,lain,lain,
dramatis,lain,lain,
drastis,lain,lain,
drive,lain,lain,
dua,lain,lain,
duduk,lain,lain,
duka,lain,lain,
dukung,lain,lain,
dunia,lain,lain,
durasi,whitelist,whitelist,duras
efek,lain,lain,
efektif,lain,lain,
efisien,lain,lain,
ejek,lain,lain,
ekor,lain,lain,
eksekusi,whitelist,whitelist,eksekus
eksistensial,lain,lain,
eksklusif,lain,lain,
eksperimen,lain,lain,
eksploitasi,whitelist,whitelist,eksploitas
ekstra,lain,lain,
ekstrem,lain,lain,
elemen,lain,lain,
elitisme,lain,lain,
email,lain,lain,
emas,lain,lain,
emosi,whitelist,whitelist,emos
emosional,lain,lain,
enam,lain,lain,
energi,whitelist,whitelist,energ
epik,lain,lain,
eropa,lain,lain,
erti,whitelist,whitelist,ert
esensi,whitelist,whitelist,esens
esports,whitelist,whitelist,esports
estetika,lain,lain,
etik,lain,lain,
euforia,lain,lain,
evolusi,whitelist,whitelist,evolus
evolved,lain,lain,
fakta,lain,lain,
faktor,lain,lain,
fantasi,whitelist,whitelist,fantas
farming,asing,asing,
fase,lain,lain,
favorit,lain,lain,
file,lain,lain,
filosofi,whitelist,whitelist,filosof
filsuf,lain,lain,
filter,lain,lain,
final,lain,lain,
fisik,lain,lain,
fitur,lain,lain,
fiturnya,whitelist,whitelist,fitur
fokus,lain,lain,
format,lain,lain,
formula,lain,lain,
free,lain,lain,
frozen,lain,lain,
frustasi,whitelist,whitelist,frustas
frustrasi,whitelist,whitelist,frustras
fundamental,lain,lain,
fungsi,whitelist,whitelist,fungs
gaben,lain,lain,
gabung,lain,lain,
gadis,lain,lain,
gagal,lain,lain,
gagas,lain,lain,
gairah,lain,lain,
gaji,whitelist,whitelist,gaj
gambar,lain,lain,
gameplaynya,whitelist,whitelist,gameplaynya
gamer,lain,lain,
games,lain,lain,
gaming,asing,asing,
ganda,lain,lain,
ganggu,lain,lain,
gank,whitelist,whitelist,gank
ganks,whitelist,whitelist,ganks
ganti,whitelist,whitelist,gant
gantung,lain,lain,
garis,lain,lain,
garuk,lain,lain,
gaya,lain,lain,
gelap,lain,lain,
gelar,lain,lain,
gelisah,lain,lain,
gelombang,lain,lain,
gemar,lain,lain,
gembira,lain,lain,
gemuk,lain,lain,
genre,lain,lain,
gera,lain,lain,
gerak,lain,lain,
gerbang,lain,lain,
gertak,lain,lain,
geser,lain,lain,
getar,lain,lain,
gigi,whitelist,whitelist,gig
gigit,lain,lain,
gila,lain,lain,
giling,asing,asing,
gilir,lain,lain,
global,lain,lain,
good,lain,lain,
grafik,lain,lain,
grafis,lain,lain,
grandmaster,whitelist,whitelist,grandmaster
gratis,lain,lain,
grind,lain,lain,
grup,lain,lain,
guardian,whitelist,whitelist,guardian
gubuk,lain,lain,
guild,lain,lain,
gulung,lain,lain,
guna,lain,lain,
gunung,lain,lain,
guru,lain,lain,
habis,lain,lain,
hadap,lain,lain,
hadiah,lain,lain,
hadir,lain,lain,
haha,lain,lain,
hal,lain,lain,
halang,lain,lain,
halo,lain,lain,
halus,lain,lain,
hambat,lain,lain,
hancur,lain,lain,
hangat,lain,lain,
hantu,lain,lain,
hapus,lain,lain,
harap,lain,lain,
hard,lain,lain,
hardcore,lain,lain,
harfiah,lain,lain,
harga,lain,lain,
hari,whitelist,whitelist,har
haru,lain,lain,
harus,lain,lain,
hasil,whitelist,whitelist,hasil
hati,whitelist,whitelist,hat
hebat,lain,lain,
hemat,lain,lain,
hendak,lain,lain,
hening,asing,asing,
henti,whitelist,whitelist,hent
herald,lain,lain,
heran,whitelist,whitelist,her
hero,whitelist,whitelist,hero
heroes,lain,lain,
hewan,whitelist,whitelist,hew
hiatus,lain,lain,
hibur,lain,lain,
hidup,whitelist,whitelist,hidup
hilang,lain,lain,
hina,lain,lain,
hindar,lain,lain,
hitam,lain,lain,
hitung,lain,lain,
hobi,whitelist,whitelist,hob
homo,lain,lain,
hormat,lain,lain,
hubung,lain,lain,
hujan,whitelist,whitelist,huj
hukum,lain,lain,
hutan,whitelist,whitelist,hut
hypercarry,whitelist,whitelist,hypercarry
iblis,lain,lain,
ibu,lain,lain,
icefrog,whitelist,whitelist,icefrog
identifikasi,whitelist,whitelist,identifikas
ikat,lain,lain,
ikhtisar,lain,lain,
ikonik,lain,lain,
ikut,lain,lain,
ilahi,whitelist,whitelist,ilah
ilusi,whitelist,whitelist,ilus
imbal,lain,lain,
imbang,lain,lain,
immortal,lain,lain,
indah,lain,lain,
individu,lain,lain,
indonesia,lain,lain,
induk,lain,lain,
industri,whitelist,whitelist,industr
infinity,asing,asing,
informasi,whitelist,whitelist,informas
ingat,lain,lain,
inggris,lain,lain,
ingin,lain,lain,
inisiator,lain,lain,
injak,lain,lain,
inovasi,whitelist,whitelist,inovas
inspirasi,whitelist,whitelist,inspiras
instal,lain,lain,
instalan,whitelist,whitelist,instal
instalasi,whitelist,whitelist,instalas
instan,whitelist,whitelist,inst
instruksi,whitelist,whitelist,instruks
integritas,lain,lain,
intens,lain,lain,
interaksi,whitelist,whitelist,interaks
internasional,lain,lain,
internet,lain,lain,
inti,whitelist,whitelist,int
intimidasi,whitelist,whitelist,intimidas
inventaris,lain,lain,
investasi,whitelist,whitelist,investas
invoker,whitelist,whitelist,invoker
iring,asing,asing,
isap,lain,lain,
isi,lain,lain,
istilah,whitelist,whitelist,isti
istimewa,lain,lain,
istirahat,lain,lain,
istri,whitelist,whitelist,istr
isyarat,lain,lain,
item,whitelist,whitelist,item
izin,lain,lain,
jadi,whitelist,whitelist,jad
jadwal,lain,lain,
jaga,lain,lain,
jahat,lain,lain,
jajah,lain,lain,
jajar,lain,lain,
jalan,whitelist,whitelist,jalan
jalur,lain,lain,
jam,whitelist,whitelist,jam
jamin,lain,lain,
jangka,lain,lain,
janji,whitelist,whitelist,janj
jantung,lain,lain,
jarak,lain,lain,
jarang,lain,lain,
jaring,asing,asing,
jatuh,lain,lain,
jauh,lain,lain,
jawab,lain,lain,
jebak,lain,lain,
jelas,lain,lain,
jelek,lain,lain,
jempol,lain,lain,
jendela,lain,lain,
jengkel,lain,lain,
jenis,lain,lain,
jenius,lain,lain,
jepang,lain,lain,
jerumus,lain,lain,
jijik,lain,lain,
jilat,lain,lain,
jitu,lain,lain,
jiwa,lain,lain,
jodoh,lain,lain,
jual,lain,lain,
juang,lain,lain,
juara,lain,lain,
judi,whitelist,whitelist,jud
judul,lain,lain,
jujur,lain,lain,
julang,lain,lain,
jumpa,lain,lain,
just,lain,lain,
juta,lain,lain,
kabut,lain,lain,
kacau,lain,lain,
kadang,lain,lain,
kagum,lain,lain,
kait,lain,lain,
kakek,lain,lain,
kaki,whitelist,whitelist,kak
kaku,lain,lain,
kalah,lain,lain,
kali,whitelist,whitelist,kal
kalimat,lain,lain,
kamar,lain,lain,
kamp,lain,lain,
kana,lain,lain,
kanan,whitelist,whitelist,kan
kanker,lain,lain,
kantong,lain,lain,
karakter,lain,lain,
kartu,lain,lain,
karya,lain,lain,
kasar,lain,lain,
kasih,lain,lain,
kasihan,whitelist,whitelist,kasih
kasino,lain,lain,
kasual,lain,lain,
kategori,whitelist,whitelist,kategor
katup,lain,lain,
kawan,whitelist,whitelist,kaw
kaya,lain,lain,
kayu,lain,lain,
kebun,whitelist,whitelist,bun
kecewa,whitelist,whitelist,cewa
kecil,whitelist,whitelist,cil
kedip,whitelist,whitelist,dip
kejam,whitelist,whitelist,jam
kejar,whitelist,whitelist,jar
kejut,whitelist,whitelist,jut
kekanak,whitelist,whitelist,kanak
kelahi,whitelist,whitelist,lah
kelas,whitelist,whitelist,las
keliling,whitelist,whitelist,liling
kelinci,whitelist,whitelist,linc
kelola,whitelist,whitelist,lola
kelompok,whitelist,whitelist,lompok
keluar,whitelist,whitelist,luar
keluarga,whitelist,whitelist,luarga
keluh,whitelist,whitelist,luh
kembali,whitelist,whitelist,mbal
kembang,whitelist,whitelist,mbang
kenal,whitelist,whitelist,nal
kenang,whitelist,whitelist,nang
kencang,whitelist,whitelist,ncang
kendali,whitelist,whitelist,ndal
kendara,whitelist,whitelist,ndara
kentang,whitelist,whitelist,ntang
kepala,whitelist,whitelist,pala
keputusasaan,whitelist,whitelist,putusasa
kerabat,whitelist,whitelist,rabat
keras,whitelist,whitelist,ras
keren,whitelist,whitelist,ren
keri,whitelist,whitelist,ker
keringat,whitelist,whitelist,ringat
kerja,whitelist,whitelist,rja
kerumun,whitelist,whitelist,rumun
kesan,whitelist,whitelist,san
ketat,whitelist,whitelist,tat
ketidakseimbangan,whitelist,whitelist,tidakseimbang
khas,lain,lain,
khawatir,lain,lain,
khianat,lain,lain,
khusus,lain,lain,
kilat,lain,lain,
kilau,lain,lain,
king,asing,asing,
kiri,whitelist,whitelist,kir
kirim,lain,lain,
kisah,lain,lain,
kisar,lain,lain,
klaim,lain,lain,
klasik,lain,lain,
klien,lain,lain,
klik,lain,lain,
kode,lain,lain,
koin,lain,lain,
kolaborasi,whitelist,whitelist,kolaboras
kolam,lain,lain,
komandan,whitelist,whitelist,komand
kombinasi,whitelist,whitelist,kombinas
kombo,lain,lain,
komentar,lain,lain,
komitmen,lain,lain,
kompetisi,whitelist,whitelist,kompetis
kompetitif,lain,lain,
kompleks,lain,lain,
kompleksitas,lain,lain,
komposisi,whitelist,whitelist,komposis
kompromi,whitelist,whitelist,komprom
komputer,lain,lain,
komunikasi,whitelist,whitelist,komunikas
komunitas,whitelist,whitelist,komunitas
kondisi,whitelist,whitelist,kondis
koneksi,whitelist,whitelist,koneks
konfirmasi,whitelist,whitelist,konfirmas
konsekuensi,whitelist,whitelist,konsekuens
konsep,lain,lain,
konsisten,lain,lain,
konstan,whitelist,whitelist,konst
konsumsi,whitelist,whitelist,konsums
konten,whitelist,whitelist,konten
kontra,lain,lain,
kontribusi,whitelist,whitelist,kontribus
kontrol,lain,lain,
konyol,lain,lain,
kooperatif,lain,lain,
koordinasi,whitelist,whitelist,koordinas
koordinator,lain,lain,
kopi,whitelist,whitelist,kop
kopling,asing,asing,
korban,whitelist,whitelist,korb
kosmetik,lain,lain,
kosong,lain,lain,
kotak,lain,lain,
kotor,lain,lain,
kreatif,lain,lain,
kreativitas,lain,lain,
kredit,lain,lain,
kritik,lain,lain,
kritis,lain,lain,
kualitas,lain,lain,
kuasa,lain,lain,
kuat,lain,lain,
kucing,asing,asing,
kuil,lain,lain,
kulit,lain,lain,
kumpul,lain,lain,
kunci,whitelist,whitelist,kunc
kuno,lain,lain,
kurang,lain,lain,
kurir,whitelist,whitelist,kurir
kursi,whitelist,whitelist,kurs
kursus,lain,lain,
kurung,lain,lain,
kurva,lain,lain,
kustomisasi,whitelist,whitelist,kustomisas
kutu,lain,lain,
kutuk,lain,lain,
lacur,lain,lain,
ladang,lain,lain,
lahan,whitelist,whitelist,lah
lahir,lain,lain,
laki,whitelist,whitelist,lak
laksana,lain,lain,
laku,lain,lain,
lamban,whitelist,whitelist,lamb
lambat,lain,lain,
lampau,lain,lain,
lampu,lain,lain,
lancar,lain,lain,
laner,lain,lain,
langgan,whitelist,whitelist,langg
langgar,lain,lain,
langit,lain,lain,
langka,lain,lain,
langkah,lain,lain,
langsung,lain,lain,
laning,asing,asing,
lanjut,lain,lain,
lanskap,lain,lain,
lantai,whitelist,whitelist,lanta
lapang,lain,lain,
lapis,lain,lain,
lapor,lain,lain,
larang,whitelist,whitelist,larang
lari,whitelist,whitelist,lar
larut,lain,lain,
latih,lain,lain,
laut,lain,lain,
lawan,whitelist,whitelist,lawan
layak,lain,lain,
layan,whitelist,whitelist,lay
layar,lain,lain,
league,lain,lain,
lebih,lain,lain,
leceh,lain,lain,
ledak,lain,lain,
legenda,lain,lain,
legendaris,lain,lain,
legends,lain,lain,
legion,lain,lain,
legiun,lain,lain,
lelah,lain,lain,
lelucon,lain,lain,
lemah,lain,lain,
lembur,lain,lain,
lembut,lain,lain,
lempar,lain,lain,
lencana,lain,lain,
lengah,lain,lain,
lengkap,lain,lain,
lengkung,lain,lain,
lepas,lain,lain,
letak,lain,lain,
level,whitelist,whitelist,level
lewat,lain,lain,
liar,lain,lain,
libat,lain,lain,
life,lain,lain,
lifestealer,whitelist,whitelist,lifestealer
liga,lain,lain,
lihat,lain,lain,
like,lain,lain,
limbah,lain,lain,
lindung,lain,lain,
lingkar,lain,lain,
lingkung,lain,lain,
lintas,lain,lain,
lipat,lain,lain,
liput,lain,lain,
listrik,lain,lain,
lmao,lain,lain,
lobi,whitelist,whitelist,lob
logika,lain,lain,
lompat,lain,lain,
long,lain,lain,
longgar,lain,lain,
lonjak,lain,lain,
loop,lain,lain,
lore,lain,lain,
loss,lain,lain,
lost,lain,lain,
lotre,lain,lain,
love,lain,lain,
luang,lain,lain,
luas,lain,lain,
lubang,lain,lain,
lubuk,lain,lain,
lucu,lain,lain,
luka,lain,lain,
lulus,lain,lain,
lunak,lain,lain,
luncur,lain,lain,
lupa,lain,lain,
lusin,lain,lain,
maaf,lain,lain,
mabuk,lain,lain,
macet,lain,lain,
madam,lain,lain,
mage,lain,lain,
mahakarya,lain,lain,
mahal,lain,lain,
main,whitelist,whitelist,main
maju,lain,lain,
makan,whitelist,whitelist,mak
make,lain,lain,
maki,whitelist,whitelist,mak
makna,lain,lain,
makro,lain,lain,
maksud,lain,lain,
malam,lain,lain,
malu,lain,lain,
mampu,lain,lain,
manajemen,lain,lain,
mancur,lain,lain,
manfaat,lain,lain,
manis,lain,lain,
manja,lain,lain,
mantan,whitelist,whitelist,mant
mantel,lain,lain,
mantra,lain,lain,
manusia,lain,lain,
marah,lain,lain,
marci,whitelist,whitelist,marc
masokis,lain,lain,
masokisme,lain,lain,
master,lain,lain,
masterclass,lain,lain,
masuk,lain,lain,
masyarakat,lain,lain,
mata,lain,lain,
matahari,whitelist,whitelist,matahar
match,lain,lain,
mati,whitelist,whitelist,mati
mau,lain,lain,
medan,whitelist,whitelist,dan
mekanik,whitelist,whitelist,kanik
mekanika,whitelist,whitelist,kanika
mekanis,whitelist,whitelist,kanis
mekanisme,whitelist,whitelist,kanisme
meme,imbuhan,imbuhan,
menang,whitelist,whitelist,ang
menara,whitelist,whitelist,ara
menghisap,whitelist,whitelist,hisap
menginstal,whitelist,whitelist,instal
menginstalnya,whitelist,whitelist,instal
menit,whitelist,whitelist,nit
mental,whitelist,whitelist,tal
menu,imbuhan,imbuhan,
merah,whitelist,whitelist,rah
merosot,whitelist,whitelist,rosot
mesin,whitelist,whitelist,sin
meta,whitelist,whitelist,meta
metode,whitelist,whitelist,tode
mikro,lain,lain,
mikrofon,lain,lain,
miliar,lain,lain,
milik,lain,lain,
mimpi,whitelist,whitelist,mimp
minat,lain,lain,
minggu,lain,lain,
mini,whitelist,whitelist,min
minimal,lain,lain,
minum,lain,lain,
miring,asing,asing,
miss,whitelist,whitelist,miss
moba,whitelist,whitelist,moba
mode,whitelist,whitelist,mode
model,lain,lain,
modern,lain,lain,
moga,lain,lain,
mogok,lain,lain,
mohon,lain,lain,
momen,lain,lain,
monetisasi,whitelist,whitelist,monetisas
monitor,lain,lain,
monster,lain,lain,
monumen,lain,lain,
monyet,lain,lain,
moral,lain,lain,
motivasi,whitelist,whitelist,motivas
muak,lain,lain,
muas,lain,lain,
muat,lain,lain,
muda,lain,lain,
mudah,lain,lain,
muka,lain,lain,
mula,lain,lain,
mulia,lain,lain,
multi,whitelist,whitelist,mult
multipemain,whitelist,whitelist,multipemain
multiplayer,whitelist,whitelist,multiplayer
mulut,lain,lain,
muncul,lain,lain,
mundur,lain,lain,
murah,lain,lain,
murni,whitelist,whitelist,murn
musik,lain,lain,
musim,lain,lain,
musnah,lain,lain,
mustahil,lain,lain,
musuh,lain,lain,
mutlak,lain,lain,
nabi,whitelist,whitelist,nab
naik,lain,lain,
nama,lain,lain,
napas,lain,lain,
nasib,lain,lain,
nasihat,lain,lain,
negara,lain,lain,
negatif,lain,lain,
nenek,lain,lain,
neraka,lain,lain,
nerf,lain,lain,
newerth,lain,lain,
ngeri,whitelist,whitelist,nger
ngomong,lain,lain,
niat,lain,lain,
nightmare,lain,lain,
nikmat,lain,lain,
nila,lain,lain,
nilai,whitelist,whitelist,nilai
nomor,lain,lain,
nonaktif,lain,lain,
noob,lain,lain,
noobs,whitelist,whitelist,noobs
normal,whitelist,whitelist,normal
nostalgia,lain,lain,
nothing,asing,asing,
nuansa,lain,lain,
nuklir,lain,lain,
nyala,lain,lain,
nyaman,whitelist,whitelist,nyam
nyata,lain,lain,
nyawa,lain,lain,
nyiakan,whitelist,whitelist,nyia
obat,lain,lain,
obrol,lain,lain,
obsesi,whitelist,whitelist,obses
offline,whitelist,whitelist,offline
olah,lain,lain,
olahraga,lain,lain,
oleh,lain,lain,
omong,lain,lain,
online,whitelist,whitelist,online
only,lain,lain,
operasi,whitelist,whitelist,operas
opsi,whitelist,whitelist,ops
opsional,lain,lain,
optimal,lain,lain,
optimisasi,whitelist,whitelist,optimisas
orang,lain,lain,
organ,whitelist,whitelist,org
orientasi,whitelist,whitelist,orientas
otak,lain,lain,
otomatis,lain,lain,
pacar,lain,lain,
pada,lain,lain,
padan,whitelist,whitelist,pad
padu,lain,lain,
pagi,whitelist,whitelist,pag
paham,lain,lain,
pahlawan,whitelist,whitelist,pahlaw
pajak,lain,lain,
pakai,whitelist,whitelist,paka
paket,lain,lain,
paksa,lain,lain,
paku,lain,lain,
palsu,lain,lain,
pamungkas,lain,lain,
panah,lain,lain,
panas,lain,lain,
pandai,whitelist,whitelist,panda
pandang,lain,lain,
pandu,lain,lain,
panggil,lain,lain,
pangkal,lain,lain,
pangkat,lain,lain,
panjang,lain,lain,
pantat,lain,lain,
papan,whitelist,whitelist,pap
parang,lain,lain,
parit,lain,lain,
partisipasi,whitelist,whitelist,partisipas
paru,lain,lain,
paruh,lain,lain,
pasang,lain,lain,
pasar,lain,lain,
pasien,lain,lain,
pasif,lain,lain,
pass,lain,lain,
pasti,whitelist,whitelist,past
pasu,lain,lain,
pasuk,lain,lain,
patah,lain,lain,
patch,lain,lain,
payah,lain,lain,
payudara,lain,lain,
pecah,whitelist,whitelist,cah
pedang,whitelist,whitelist,dang
peduli,whitelist,whitelist,dul
pegang,whitelist,whitelist,gang
pekan,whitelist,whitelist,kan
pelihara,whitelist,whitelist,lihara
peluang,whitelist,whitelist,luang
pemberitahuan,whitelist,whitelist,mberitahu
penalti,whitelist,whitelist,nalt
pendek,whitelist,whitelist,ndek
pengaruh,whitelist,whitelist,ngaruh
penjara,whitelist,whitelist,njara
pensiun,whitelist,whitelist,nsiun
penting,whitelist,whitelist,nting
penuh,whitelist,whitelist,nuh
penyalahgunaan,whitelist,whitelist,nyalahguna
people,whitelist,whitelist,ople
peran,whitelist,whitelist,ran
perang,whitelist,whitelist,ang
perangkap,whitelist,whitelist,angkap
perangkat,whitelist,whitelist,angkat
percaya,whitelist,whitelist,caya
perempuan,whitelist,whitelist,empu
pergi,whitelist,whitelist,rgi
perhati,whitelist,whitelist,hat
periksa,whitelist,whitelist,iksa
perilaku,whitelist,whitelist,ilaku
perinci,whitelist,whitelist,inc
peringkat,whitelist,whitelist,ingkat
perintah,whitelist,whitelist,intah
peristiwa,whitelist,whitelist,istiwa
perlahan,whitelist,whitelist,lah
permanen,whitelist,whitelist,manen
permata,whitelist,whitelist,mata
permen,whitelist,whitelist,men
pernah,whitelist,whitelist,nah
persen,whitelist,whitelist,sen
persetan,whitelist,whitelist,set
persis,whitelist,whitelist,sis
peru,imbuhan,imbuhan,
pesan,whitelist,whitelist,san
pesona,whitelist,whitelist,sona
pesta,whitelist,whitelist,sta
peta,imbuhan,imbuhan,
phantom,lain,lain,
pick,whitelist,whitelist,pick
picu,lain,lain,
pikir,lain,lain,
pilih,whitelist,whitelist,pilih
pimpin,lain,lain,
pindah,lain,lain,
ping,whitelist,whitelist,ping
pinggang,lain,lain,
pintar,lain,lain,
pirsa,lain,lain,
pisah,lain,lain,
play,lain,lain,
player,lain,lain,
players,lain,lain,
playing,asing,asing,
pohon,lain,lain,
poin,lain,lain,
pola,lain,lain,
polandia,lain,lain,
poles,lain,lain,
polisi,whitelist,whitelist,polis
pompa,lain,lain,
pool,lain,lain,
popularitas,lain,lain,
populasi,whitelist,whitelist,populas
populer,lain,lain,
posisi,whitelist,whitelist,posis
positif,lain,lain,
potensi,whitelist,whitelist,potens
potensial,lain,lain,
potong,lain,lain,
prajurit,lain,lain,
praktik,lain,lain,
praktis,lain,lain,
prediksi,whitelist,whitelist,prediks
pria,lain,lain,
pribadi,whitelist,whitelist,pribad
prioritas,lain,lain,
produser,lain,lain,
profesional,lain,lain,
profil,lain,lain,
program,lain,lain,
progres,lain,lain,
promosi,whitelist,whitelist,promos
proses,lain,lain,
proyek,lain,lain,
psikologis,lain,lain,
puas,lain,lain,
publik,lain,lain,
pudar,lain,lain,
pudge,lain,lain,
puji,whitelist,whitelist,puj
pukul,lain,lain,
pulih,lain,lain,
puluh,lain,lain,
puncak,lain,lain,
pura,lain,lain,
pusat,lain,lain,
pustaka,lain,lain,
putar,lain,lain,
putih,lain,lain,
putra,lain,lain,
putus,lain,lain,
racun,lain,lain,
radiant,lain,lain,
ragam,lain,lain,
rage,lain,lain,
ragu,lain,lain,
rahasia,lain,lain,
raja,lain,lain,
rajalela,lain,lain,
raksasa,lain,lain,
ramah,lain,lain,
rambut,lain,lain,
ramping,asing,asing,
rancang,lain,lain,
random,lain,lain,
rang,lain,lain,
rangkai,whitelist,whitelist,rangka
rangkak,lain,lain,
rangkul,lain,lain,
ranjau,lain,lain,
ranked,whitelist,whitelist,ranked
ranks,lain,lain,
rapuh,lain,lain,
ras,lain,lain,
rasa,lain,lain,
rasial,lain,lain,
rasio,lain,lain,
rasisme,lain,lain,
rata,lain,lain,
ratus,lain,lain,
raya,lain,lain,
rayap,lain,lain,
reaksi,whitelist,whitelist,reaks
realitas,lain,lain,
rebut,lain,lain,
reda,lain,lain,
redam,lain,lain,
referensi,whitelist,whitelist,referens
refleks,lain,lain,
refleksi,whitelist,whitelist,refleks
reguler,lain,lain,
rekan,whitelist,whitelist,rek
rekomendasi,whitelist,whitelist,rekomendas
relatif,lain,lain,
relevan,whitelist,whitelist,relev
remaja,lain,lain,
remake,whitelist,whitelist,remake
rencana,lain,lain,
rendah,lain,lain,
rentang,lain,lain,
replay,lain,lain,
replayability,asing,asing,
repot,lain,lain,
resap,lain,lain,
resmi,whitelist,whitelist,resm
respons,lain,lain,
responsif,lain,lain,
retard,lain,lain,
retas,lain,lain,
ria,lain,lain,
riak,lain,lain,
ribu,lain,lain,
rich,lain,lain,
rilis,lain,lain,
ringan,whitelist,whitelist,ring
ringkas,lain,lain,
riset,lain,lain,
risiko,lain,lain,
ritme,lain,lain,
robek,lain,lain,
roda,lain,lain,
rokok,lain,lain,
roshan,whitelist,whitelist,roshan
roulette,lain,lain,
ruang,lain,lain,
rubick,whitelist,whitelist,rubick
rugi,whitelist,whitelist,rug
rumah,whitelist,whitelist,rumah
rumit,lain,lain,
rumput,lain,lain,
rupa,lain,lain,
rusa,lain,lain,
rusak,lain,lain,
rusia,lain,lain,
rutin,lain,lain,
sabar,lain,lain,
sadap,lain,lain,
sadar,lain,lain,
sahabat,lain,lain,
saing,asing,asing,
sakit,lain,lain,
saksi,whitelist,whitelist,saks
saku,lain,lain,
salah,lain,lain,
saldo,lain,lain,
sali,whitelist,whitelist,sal
salin,lain,lain,
sama,lain,lain,
samar,lain,lain,
sambut,lain,lain,
sampah,lain,lain,
samping,asing,asing,
sandera,lain,lain,
sangkal,lain,lain,
santa,lain,lain,
santai,whitelist,whitelist,santa
sapi,whitelist,whitelist,sap
sapu,lain,lain,
saraf,lain,lain,
saran,whitelist,whitelist,sar
satu,lain,lain,
saudara,lain,lain,
sayang,lain,lain,
sebab,lain,lain,
sebal,lain,lain,
sebar,lain,lain,
sebentar,lain,lain,
sebut,lain,lain,
sederhana,lain,lain,
sedia,lain,lain,
sedih,lain,lain,
sedot,lain,lain,
segar,lain,lain,
sehat,lain,lain,
sejahtera,lain,lain,
sejarah,lain,lain,
sejati,whitelist,whitelist,sejat
seka,lain,lain,
sekarat,lain,lain,
sekolah,whitelist,whitelist,seko
seksi,whitelist,whitelist,seks
sekuel,lain,lain,
sekutu,lain,lain,
selam,lain,lain,
selamat,lain,lain,
selatan,whitelist,whitelist,selat
selesai,whitelist,whitelist,selesa
seluk,lain,lain,
seluler,lain,lain,
semangat,lain,lain,
semarak,lain,lain,
sembuh,lain,lain,
sembunyi,whitelist,whitelist,sembuny
semesta,lain,lain,
sempat,lain,lain,
sempurna,lain,lain,
senang,lain,lain,
sengaja,lain,lain,
sengsara,lain,lain,
seni,whitelist,whitelist,sen
senjata,lain,lain,
sensasi,whitelist,whitelist,sensas
sentak,lain,lain,
sentuh,lain,lain,
sepakat,lain,lain,
sepatu,lain,lain,
sepeda,lain,lain,
sepenuh,lain,lain,
serah,lain,lain,
serang,lain,lain,
serba,lain,lain,
seret,lain,lain,
sergap,lain,lain,
seringkali,whitelist,whitelist,seringkal
serius,lain,lain,
server,whitelist,whitelist,server
sesal,lain,lain,
sesat,lain,lain,
sesi,whitelist,whitelist,ses
sesuai,whitelist,whitelist,sesua
setan,whitelist,whitelist,set
setapak,lain,lain,
setia,lain,lain,
setrum,lain,lain,
shadow,lain,lain,
shithole,lain,lain,
sia,lain,lain,
sial,lain,lain,
siang,lain,lain,
siap,lain,lain,
siar,lain,lain,
sibuk,lain,lain,
sifat,lain,lain,
signifikan,whitelist,whitelist,signifi
sihir,lain,lain,
sikap,lain,lain,
siklus,lain,lain,
siksa,lain,lain,
sila,lain,lain,
simpan,whitelist,whitelist,simp
simpul,lain,lain,
simulator,lain,lain,
sinar,lain,lain,
sindrom,lain,lain,
sinergi,whitelist,whitelist,sinerg
singgung,lain,lain,
singkat,lain,lain,
singkir,lain,lain,
sinkronisasi,whitelist,whitelist,sinkronisas
sisa,lain,lain,
sisi,whitelist,whitelist,sis
sistem,whitelist,whitelist,sistem
sistematis,lain,lain,
situ,lain,lain,
situasi,whitelist,whitelist,situas
skala,lain,lain,
skema,lain,lain,
skor,lain,lain,
skuad,lain,lain,
slot,lain,lain,
smite,lain,lain,
smurf,whitelist,whitelist,smurf
smurfing,whitelist,whitelist,smurfing
smurfs,whitelist,whitelist,smurfs
sniper,lain,lain,
sobat,lain,lain,
solid,lain,lain,
solo,whitelist,whitelist,solo
solusi,whitelist,whitelist,solus
sombong,lain,lain,
sopan,whitelist,whitelist,sop
sorot,lain,lain,
sosial,lain,lain,
spam,lain,lain,
spanyol,lain,lain,
spektakuler,lain,lain,
spektrum,lain,lain,
spesifik,lain,lain,
spiritual,lain,lain,
spoiler,lain,lain,
sports,lain,lain,
stabil,lain,lain,
stabilitas,lain,lain,
standar,lain,lain,
stat,lain,lain,
statistik,whitelist,whitelist,statistik
status,lain,lain,
steam,lain,lain,
stomp,lain,lain,
storm,lain,lain,
story,lain,lain,
strategi,whitelist,whitelist,strateg
strategis,lain,lain,
stres,lain,lain,
struktur,lain,lain,
studio,lain,lain,
stunlock,whitelist,whitelist,stunlock
suara,lain,lain,
suasana,lain,lain,
sudut,lain,lain,
suka,lain,lain,
sukacita,lain,lain,
sukarela,lain,lain,
sukses,lain,lain,
sulang,lain,lain,
sulit,lain,lain,
sumber,lain,lain,
sumpah,lain,lain,
sungai,whitelist,whitelist,sunga
sungguh,lain,lain,
sunting,asing,asing,
super,lain,lain,
surga,lain,lain,
suruh,lain,lain,
surut,lain,lain,
survival,lain,lain,
susun,lain,lain,
syarat,lain,lain,
tabrak,lain,lain,
tabur,lain,lain,
tagalog,lain,lain,
tagih,lain,lain,
tahan,whitelist,whitelist,tah
tahap,lain,lain,
tahta,lain,lain,
tahu,lain,lain,
tahun,lain,lain,
tajam,lain,lain,
takjub,lain,lain,
taktik,lain,lain,
taktis,lain,lain,
takut,lain,lain,
tambah,lain,lain,
tambal,lain,lain,
tambang,lain,lain,
tampil,lain,lain,
tan,lain,lain,
tanah,lain,lain,
tanam,lain,lain,
tanda,lain,lain,
tanding,asing,asing,
tangan,whitelist,whitelist,tang
tanggal,lain,lain,
tanggap,lain,lain,
tanggung,lain,lain,
tangkal,lain,lain,
tangkap,lain,lain,
tani,whitelist,whitelist,tan
tank,lain,lain,
tanpa,lain,lain,
tantang,lain,lain,
tara,lain,lain,
target,lain,lain,
tari,whitelist,whitelist,tar
tarik,lain,lain,
taruh,lain,lain,
tarung,lain,lain,
tatap,lain,lain,
tawa,lain,lain,
tawar,lain,lain,
team,whitelist,whitelist,team
tebak,lain,lain,
tebal,lain,lain,
tebing,asing,asing,
tegak,lain,lain,
tegang,lain,lain,
teka,lain,lain,
tekad,lain,lain,
tekan,whitelist,whitelist,tek
teki,whitelist,whitelist,tek
teknis,lain,lain,
teknisi,whitelist,whitelist,teknis
teks,lain,lain,
tekstur,lain,lain,
tekun,lain,lain,
telepon,lain,lain,
teleportasi,whitelist,whitelist,teleportas
teliti,whitelist,whitelist,telit
telusur,lain,lain,
teman,whitelist,whitelist,tem
tembak,lain,lain,
tembus,lain,lain,
tempat,lain,lain,
tempel,lain,lain,
tempo,lain,lain,
tempur,lain,lain,
temu,lain,lain,
tenaga,lain,lain,
tenang,lain,lain,
tendang,lain,lain,
tengah,lain,lain,
tenggara,lain,lain,
tenggelam,lain,lain,
tenggorok,lain,lain,
tengkar,lain,lain,
tentang,lain,lain,
tentu,lain,lain,
teori,whitelist,whitelist,teor
tepat,lain,lain,
terampil,whitelist,whitelist,ampil
terap,imbuhan,imbuhan,
terapi,whitelist,whitelist,api
terbang,whitelist,whitelist,bang
teriak,whitelist,whitelist,iak
terima,whitelist,whitelist,ima
terkadang,whitelist,whitelist,kadang
terowongan,whitelist,whitelist,owong
terrarium,whitelist,whitelist,rarium
tertawa,whitelist,whitelist,tawa
terus,imbuhan,imbuhan,
tetangga,lain,lain,
tetap,lain,lain,
tetes,lain,lain,
this,lain,lain,
tidur,lain,lain,
tier,lain,lain,
tiga,lain,lain,
tikai,whitelist,whitelist,tika
tiket,lain,lain,
tikus,lain,lain,
tim,lain,lain,
timbang,lain,lain,
timbersaw,lain,lain,
time,lain,lain,
timur,lain,lain,
tindak,lain,lain,
tinggal,lain,lain,
tinggi,whitelist,whitelist,tingg
tingkat,whitelist,whitelist,tingkat
tinjau,lain,lain,
tipe,lain,lain,
tips,lain,lain,
tipu,lain,lain,
titik,lain,lain,
tldr,lain,lain,
toko,lain,lain,
toksisitas,lain,lain,
tolak,lain,lain,
tombol,lain,lain,
tongkat,lain,lain,
tonjol,lain,lain,
tonton,lain,lain,
topang,lain,lain,
total,lain,lain,
towers,lain,lain,
tradisional,lain,lain,
transaksi,whitelist,whitelist,transaks
trauma,lain,lain,
trik,lain,lain,
troll,whitelist,whitelist,troll
tryhard,whitelist,whitelist,tryhard
tuan,lain,lain,
tubuh,lain,lain,
tugas,lain,lain,
tuhan,whitelist,whitelist,tuh
tuju,lain,lain,
tukar,lain,lain,
tuli,whitelist,whitelist,tul
tulis,lain,lain,
tulus,lain,lain,
tumbuh,lain,lain,
tumpu,lain,lain,
tumpuk,lain,lain,
tunai,whitelist,whitelist,tuna
tunda,lain,lain,
tunggal,lain,lain,
tunggu,lain,lain,
tunjuk,lain,lain,
tuntut,lain,lain,
turbo,whitelist,whitelist,turbo
turnamen,lain,lain,
turun,lain,lain,
tutorial,lain,lain,
tutup,lain,lain,
uang,lain,lain,
uap,lain,lain,
ubah,lain,lain,
uji,lain,lain,
ujung,lain,lain,
ukraina,lain,lain,
ukur,lain,lain,
ulang,lain,lain,
ulas,lain,lain,
umpan,whitelist,whitelist,ump
umur,lain,lain,
undang,lain,lain,
unduh,lain,lain,
unggul,lain,lain,
ungkap,lain,lain,
uni,lain,lain,
unik,lain,lain,
unit,lain,lain,
untuk,lain,lain,
untun,lain,lain,
untung,lain,lain,
upaya,lain,lain,
urus,lain,lain,
urut,lain,lain,
usaha,lain,lain,
usia,lain,lain,
usir,lain,lain,
utama,lain,lain,
utara,lain,lain,
utilitas,lain,lain,
valve,whitelist,whitelist,valve
variabel,lain,lain,
variasi,whitelist,whitelist,varias
varietas,lain,lain,
verbal,lain,lain,
verifikasi,whitelist,whitelist,verifikas
versi,whitelist,whitelist,vers
versus,lain,lain,
vertikal,lain,lain,
very,lain,lain,
veteran,whitelist,whitelist,veter
video,lain,lain,
visi,whitelist,whitelist,vis
visual,lain,lain,
vokal,lain,lain,
volvo,whitelist,whitelist,volvo
wajah,lain,lain,
wajib,lain,lain,
wakil,lain,lain,
wanita,lain,lain,
waras,lain,lain,
warcraft,whitelist,whitelist,warcraft
warlock,lain,lain,
warna,lain,lain,
when,lain,lain,
wifi,whitelist,whitelist,wif
wilayah,lain,lain,
will,lain,lain,
winrate,whitelist,whitelist,winrate
with,lain,lain,
worth,lain,lain,
wujud,lain,lain,
yahudi,whitelist,whitelist,yahud
yakin,lain,lain,
your,lain,lain,
zaman,whitelist,whitelist,zam
